{
    "Mentiongift": false,
    "Mentionkick": false,
    "Respontag": "kebotan",
    "Talkblacklist": {},
    "Talkdblacklist": false,
    "Talkwblacklist": false,
    "addadmin": false,
    "addbots": false,
    "addstaff": false,
    "admin": {},
    "autoAdd": true,
    "autoJoin": true,
    "autoLeave": false,
    "autoLeave1": false,
    "blacklist": {},
    "bots": {},
    "comment": "like by𝙋.𝙆_𝘽𝙊𝙏𝙎",
    "contact": false,
    "dblacklist": false,
    "delladmin": false,
    "dellbots": false,
    "dellstaff": false,
    "detectMention": false,
    "leave": "Koplak Kan Baper",
    "limit": 1,
    "mention": "sider aja terus",
    "message": "nah ngapain lu add",
    "owner": {},
    "selfbot": true,
    "staff": {},
    "sticker": false,
    "talkban": true,
    "unsend": true,
    "wblacklist": false,
    "welcome": "Selamat Datang Dan Selamat ",
    "welcomeOn": false
}